commodity,daily_return
Crude Oil,0.7969890490905043
Natural Gas,0.5898069965560915
RBOB Gasoline,0.43363451664900626
Brent Crude Oil,0.3833121155530425
Heating Oil,0.3692066593946235
