commodity,Brent Crude Oil,Crude Oil,Heating Oil,Natural Gas,RBOB Gasoline
Brent Crude Oil,1.0,0.5019171729950583,0.8081969316202665,0.1271673439644692,0.7418429919838915
Crude Oil,0.5019171729950583,1.0,0.4552631517988846,0.07786988953479036,0.41942234005034
Heating Oil,0.8081969316202665,0.4552631517988846,1.0,0.23788367631876808,0.7055254536306677
Natural Gas,0.1271673439644692,0.07786988953479036,0.23788367631876808,1.0,0.17515070039092168
RBOB Gasoline,0.7418429919838915,0.41942234005034,0.7055254536306677,0.17515070039092168,1.0
